Book ID,Title,Author,Status,Due Date
1,Alice's Adventures in Wonderland,Lewis Carroll,Available,
2,1984,George Orwell,Available,
3,The Great Gatsby,F. Scott Fitzgerald,Available,
4,To Kill a Mockingbird,Harper Lee,Available,
5,Pride and Prejudice,Jane Austen,Available,
6,Moby-Dick,Herman Melville,Available,
7,War and Peace,Leo Tolstoy,Available,
8,Leo Tolstoy,d,Available,
9,Leo Tolstoy,Leo Tolstoy,Available,
10,Leo Tolstoy,Leo Tolstoy,Available,
11,Leo Tolstoy,Leo Tolstoy,Available,
12,Yusra swims,Julie Abery,Available,
13,Sisters : Venus and Serena Williams,Jeanette Winter,Available,
